{
  "train_loss": [
    1.290391546629724,
    0.8649568614505586,
    0.580651853056181,
    0.49058765385832104,
    0.33716708403967677,
    0.26334034092724323,
    0.2687027297381844,
    0.31317724247596096,
    0.22561156771899687,
    0.11867220943704956,
    0.19359601089464767,
    0.10730138259185922,
    0.07874572858036984,
    0.07935243321671373,
    0.062208956617507194,
    0.06349420378960315,
    0.041155887013744744,
    0.04379356225642065,
    0.03732080841880469,
    0.030376224324018472
  ],
  "train_acc": [
    62.42424242424242,
    68.48484848484848,
    79.39393939393939,
    84.84848484848484,
    86.06060606060606,
    92.12121212121212,
    90.9090909090909,
    91.51515151515152,
    93.93939393939394,
    96.96969696969697,
    96.36363636363636,
    97.57575757575758,
    97.57575757575758,
    98.18181818181819,
    99.39393939393939,
    98.18181818181819,
    100.0,
    100.0,
    99.39393939393939,
    100.0
  ],
  "val_loss": [
    17.990269978841145,
    1.343855122725169,
    0.4799890710661809,
    0.30139087326824665,
    0.7803537398576736,
    0.3435512993795176,
    0.3667229463656743,
    1.0293433268864949,
    0.35028763107645017,
    0.2373083597049117,
    0.23784397464866439,
    0.24770510212207833,
    0.24869415427868566,
    0.28863367221007746,
    0.2729159837278227,
    0.264804399261872,
    0.2684809807687998,
    0.27388062203923863,
    0.2701884205453098,
    0.2499376256018877
  ],
  "val_acc": [
    19.047619047619047,
    50.0,
    78.57142857142857,
    83.33333333333333,
    76.19047619047619,
    85.71428571428571,
    90.47619047619048,
    64.28571428571429,
    83.33333333333333,
    88.0952380952381,
    90.47619047619048,
    90.47619047619048,
    90.47619047619048,
    88.0952380952381,
    90.47619047619048,
    90.47619047619048,
    90.47619047619048,
    90.47619047619048,
    88.0952380952381,
    90.47619047619048
  ]
}