{
  "train_loss": [
    0.9122453101334118,
    0.7669513122666449,
    0.3992159465948741,
    0.20415161017860686,
    0.2591562106141022,
    0.327494242893798,
    0.301221920975617,
    0.21588019445715917,
    0.19390633569232055,
    0.13290640567651107,
    0.10791718152662118,
    0.06450222831751619,
    0.05064385078315224,
    0.08161057097216447,
    0.07900244671674002,
    0.05767824170401409,
    0.09175040255788536,
    0.08466517767824587,
    0.14050903588178612,
    0.06618827825323456
  ],
  "train_acc": [
    67.27272727272727,
    73.33333333333333,
    86.06060606060606,
    93.93939393939394,
    92.72727272727273,
    89.6969696969697,
    89.6969696969697,
    95.15151515151516,
    94.54545454545455,
    98.18181818181819,
    96.36363636363636,
    98.18181818181819,
    99.39393939393939,
    98.18181818181819,
    98.18181818181819,
    98.78787878787878,
    97.57575757575758,
    98.78787878787878,
    95.75757575757575,
    98.18181818181819
  ],
  "val_loss": [
    1.2654628083109856,
    0.8099646816651026,
    0.35823067006034154,
    0.3945638022075097,
    0.5669578861464591,
    0.5212444590094188,
    0.7691500832637151,
    0.3598781134933233,
    0.33755099598784,
    0.4096092841840194,
    0.36066978678960976,
    0.39921740437663783,
    0.39784620256978087,
    0.3617830978279623,
    0.3262729157819801,
    0.3482964346330846,
    0.3368861259465727,
    0.3528725372986325,
    0.331782357369472,
    0.3492170581206058
  ],
  "val_acc": [
    59.523809523809526,
    71.42857142857143,
    85.71428571428571,
    90.47619047619048,
    78.57142857142857,
    83.33333333333333,
    71.42857142857143,
    85.71428571428571,
    88.0952380952381,
    85.71428571428571,
    85.71428571428571,
    85.71428571428571,
    85.71428571428571,
    85.71428571428571,
    85.71428571428571,
    85.71428571428571,
    85.71428571428571,
    85.71428571428571,
    88.0952380952381,
    85.71428571428571
  ]
}