{
  "train_loss": [
    1.2925554570697604,
    0.8233214510338647,
    0.5853972273568312,
    0.5507936633768535,
    0.2919313127086276,
    0.3914115663085665,
    0.19008031780166285,
    0.2331649013573215,
    0.14703865415815795,
    0.09897710848599672,
    0.06321921226169382,
    0.040982958439382766,
    0.1138364554471558,
    0.05331592760714037,
    0.08871732255266536,
    0.092003766147952,
    0.048533702291370856,
    0.04645006037095473,
    0.05540864526604613,
    0.09797885752327386
  ],
  "train_acc": [
    62.42424242424242,
    74.54545454545455,
    81.81818181818181,
    80.0,
    89.6969696969697,
    84.24242424242425,
    93.93939393939394,
    91.51515151515152,
    96.36363636363636,
    96.96969696969697,
    98.18181818181819,
    99.39393939393939,
    96.36363636363636,
    99.39393939393939,
    98.18181818181819,
    98.18181818181819,
    99.39393939393939,
    100.0,
    98.78787878787878,
    96.36363636363636
  ],
  "val_loss": [
    2.5873435338338218,
    1.061982164780299,
    0.5116840214468539,
    0.3370753042399883,
    0.4461888653070976,
    0.5491033401340246,
    0.641012732317904,
    0.638652813465645,
    0.5062789909231166,
    0.5055278792666892,
    0.46356078314905363,
    0.46624278898040455,
    0.45981892695029575,
    0.4927558822091669,
    0.4580174843625476,
    0.4717343042138964,
    0.46867983625270426,
    0.45361163723282516,
    0.456016627062733,
    0.4701357637144004
  ],
  "val_acc": [
    57.142857142857146,
    71.42857142857143,
    71.42857142857143,
    83.33333333333333,
    85.71428571428571,
    85.71428571428571,
    80.95238095238095,
    83.33333333333333,
    83.33333333333333,
    85.71428571428571,
    88.0952380952381,
    88.0952380952381,
    88.0952380952381,
    85.71428571428571,
    88.0952380952381,
    88.0952380952381,
    88.0952380952381,
    88.0952380952381,
    88.0952380952381,
    88.0952380952381
  ]
}