{
  "train_loss": [
    1.1783837917305173,
    0.7788401671818325,
    0.8153390660881996,
    0.44229309331803096,
    0.39113782576861833,
    0.29203307327060474,
    0.41370908064501627,
    0.4148945322348958,
    0.44483724591277896,
    0.3192749118343705,
    0.27846059220887365,
    0.32080122979269143,
    0.26415380826663404,
    0.27412994596220197,
    0.204491680975826,
    0.1158491269618805,
    0.16751786849151054,
    0.1725168276267747,
    0.14633312557513514,
    0.07200615839766604
  ],
  "train_acc": [
    65.45454545454545,
    73.93939393939394,
    73.93939393939394,
    84.84848484848484,
    87.27272727272727,
    88.48484848484848,
    90.3030303030303,
    86.06060606060606,
    84.24242424242425,
    89.6969696969697,
    89.0909090909091,
    86.66666666666667,
    90.9090909090909,
    92.12121212121212,
    95.15151515151516,
    94.54545454545455,
    93.93939393939394,
    91.51515151515152,
    96.96969696969697,
    97.57575757575758
  ],
  "val_loss": [
    1.8586942851543427,
    1.2830288546780746,
    0.7187497814496359,
    0.5170964648326238,
    0.8693732110162576,
    0.4617224174241225,
    1.3266802976528804,
    1.6720358033974965,
    0.5587065828343233,
    0.4555024690926075,
    0.46280096486831707,
    0.5209795193125805,
    0.5641382482523719,
    0.3185800490900874,
    0.7362434130094092,
    0.8848491311073303,
    0.4663559403270483,
    0.8198460054894289,
    0.5839040407445282,
    0.5245979702255378
  ],
  "val_acc": [
    54.76190476190476,
    69.04761904761905,
    69.04761904761905,
    83.33333333333333,
    66.66666666666667,
    85.71428571428571,
    69.04761904761905,
    54.76190476190476,
    78.57142857142857,
    85.71428571428571,
    83.33333333333333,
    85.71428571428571,
    85.71428571428571,
    90.47619047619048,
    80.95238095238095,
    78.57142857142857,
    92.85714285714286,
    78.57142857142857,
    85.71428571428571,
    85.71428571428571
  ]
}